"","lai","twi","distance","aspect","elev","slope","gap_type"
"lai",1,0.0443378517224756,-0.134890148843275,-0.031181475966859,0.202482506700234,-0.0440559996728658,0.396738951840984
"twi",0.0443378517224756,1,0.0119657518397611,0.0470344934755255,0.0589508369404791,-0.0515432220103517,0.0211136546916642
"distance",-0.134890148843275,0.0119657518397611,1,0.0530911560549838,-0.078889201554527,0.10974555798427,0.151600033306568
"aspect",-0.031181475966859,0.0470344934755255,0.0530911560549838,1,0.201748542682157,0.0733245551461893,0.057487455862774
"elev",0.202482506700234,0.0589508369404791,-0.078889201554527,0.201748542682157,1,-0.428694286016533,0.12556709036258
"slope",-0.0440559996728658,-0.0515432220103517,0.10974555798427,0.0733245551461893,-0.428694286016533,1,0.0062889172116122
"gap_type",0.396738951840984,0.0211136546916642,0.151600033306568,0.057487455862774,0.12556709036258,0.0062889172116122,1
